GROUP,PACKAGE,CLASS,INSTRUCTION_MISSED,INSTRUCTION_COVERED,BRANCH_MISSED,BRANCH_COVERED,LINE_MISSED,LINE_COVERED,COMPLEXITY_MISSED,COMPLEXITY_COVERED,METHOD_MISSED,METHOD_COVERED
Banking Common Library,com.banking.common.audit,CustomerActionAuditDto,66,0,6,0,9,0,5,0,2,0
Banking Common Library,com.banking.common.audit,BankingServiceRegistry,116,0,0,0,17,0,2,0,2,0
Banking Common Library,com.banking.common.dto,MoneyDto,39,0,6,0,8,0,5,0,2,0
Banking Common Library,com.banking.common.dto,ApiResponse,45,0,0,0,4,0,4,0,4,0
Banking Common Library,com.banking.common.dto,ErrorResponse.ValidationError,12,0,0,0,1,0,1,0,1,0
Banking Common Library,com.banking.common.dto,ErrorResponse,46,0,0,0,3,0,3,0,3,0
Banking Common Library,com.banking.common.events,TransactionCompensatedEvent,21,0,0,0,1,0,1,0,1,0
Banking Common Library,com.banking.common.events,TransactionFailedEvent,21,0,0,0,1,0,1,0,1,0
Banking Common Library,com.banking.common.events,AccountDebitedEvent,24,0,0,0,1,0,1,0,1,0
Banking Common Library,com.banking.common.events,TransactionInitiatedEvent,30,0,0,0,1,0,1,0,1,0
Banking Common Library,com.banking.common.events,AccountCreditedEvent,24,0,0,0,1,0,1,0,1,0
Banking Common Library,com.banking.common.config,RedisCommonConfig,56,0,0,0,16,0,2,0,2,0
Banking Common Library,com.banking.common.crypto,AesGcmCryptoService,160,0,8,0,38,0,8,0,4,0
Banking Common Library,com.banking.common.crypto,EncryptedStringConverter,36,0,8,0,11,0,8,0,4,0
Banking Common Library,com.banking.common.crypto,DataMaskingUtil,122,0,18,0,18,0,14,0,5,0
Banking Common Library,com.banking.common.exception,BankingException,17,10,0,0,6,4,3,1,3,1
Banking Common Library,com.banking.common.exception,DuplicateTransactionException,0,13,0,0,0,3,0,1,0,1
Banking Common Library,com.banking.common.exception,GlobalExceptionHandler,218,0,8,0,39,0,11,0,7,0
Banking Common Library,com.banking.common.exception,InsufficientFundsException,17,0,0,0,3,0,1,0,1,0
Banking Common Library,com.banking.common.exception,ResourceNotFoundException,17,0,0,0,3,0,1,0,1,0
Banking Common Library,com.banking.common.idempotency,IdempotentRecord.IdempotencyStatus,0,21,0,0,0,4,0,1,0,1
Banking Common Library,com.banking.common.idempotency,IdempotentRecord,13,31,0,0,1,2,1,2,1,2
Banking Common Library,com.banking.common.idempotency,IdempotencyService,102,98,7,7,24,23,8,6,3,4
Banking Common Library,com.banking.common.idempotency,IdempotencyAspect,169,0,20,0,38,0,13,0,3,0
Banking Common Library,com.banking.common.security,JwtTokenProvider,262,0,6,0,58,0,14,0,11,0
Banking Common Library,com.banking.common.security,SecurityUtils,37,0,8,0,11,0,7,0,3,0
Banking Common Library,com.banking.common.security,JwtAuthenticationFilter,94,0,10,0,22,0,9,0,4,0
